<wpml-config>
    <custom-types>
        <custom-type translate="1">manifesto_portfolio</custom-type>
    </custom-types>
	<taxonomies>
        <taxonomy translate="1">portfolio_category</taxonomy>
    </taxonomies>
    <custom-fields>
		<custom-field action="copy">manifesto-opt-page-bknd-color-code</custom-field>
		<custom-field action="copy">manifesto-opt-page-bknd-color</custom-field>
		<custom-field action="copy">manifesto-opt-page-enable-hero</custom-field>
		<custom-field action="copy">manifesto-opt-page-hero-img</custom-field>
		<custom-field action="copy">manifesto-opt-page-video</custom-field>
		<custom-field action="copy">manifesto-opt-page-video-webm</custom-field>
		<custom-field action="copy">manifesto-opt-page-video-mp4</custom-field>
		<custom-field action="translate">manifesto-opt-page-hero-caption-title</custom-field>
		<custom-field action="copy">manifesto-opt-page-hero-caption-title-type</custom-field>
		<custom-field action="translate">manifesto-opt-page-hero-caption-subtitle</custom-field>
		<custom-field action="translate">manifesto-opt-page-hero-info-text</custom-field>
		<custom-field action="translate">manifesto-opt-page-hero-scroll-caption</custom-field>
		<custom-field action="copy">manifesto-opt-page-hero-parallax-caption</custom-field>
		<custom-field action="copy">manifesto-opt-page-hero-caption-align</custom-field>
		<custom-field action="translate">manifesto-opt-page-navigation-hover-caption</custom-field>
		<custom-field action="copy">manifesto-opt-page-navigation-next-page</custom-field>
		<custom-field action="copy">manifesto-opt-page-portfolio-filter-category</custom-field>
		<custom-field action="copy">manifesto-opt-page-portfolio-grid-layout</custom-field>
		<custom-field action="copy">manifesto-opt-page-portfolio-grid-content-position</custom-field>
		<custom-field action="translate">manifesto-opt-page-portfolio-archive-caption</custom-field>
		<custom-field action="translate">manifesto-opt-page-portfolio-archive-page</custom-field>
		<custom-field action="copy">manifesto-opt-page-portfolio-grid-layout-type</custom-field>
		<custom-field action="copy">manifesto-opt-page-portfolio-grid-enable-list-view</custom-field>
		<custom-field action="copy">manifesto-opt-page-portfolio-grid-enable-shuffle-grid</custom-field>
		<custom-field action="copy">manifesto-opt-page-portfolio-carousel-enable-preview</custom-field>
		<custom-field action="copy">manifesto-opt-page-portfolio-carousel-enable-parallax</custom-field>
		<custom-field action="copy">manifesto-opt-page-portfolio-gallery-enable-preview</custom-field>
		<custom-field action="copy">manifesto-opt-page-portfolio-gallery-enable-filters</custom-field>
		<custom-field action="copy">manifesto-opt-page-portfolio-gallery-enable-tilt</custom-field>
		<custom-field action="translate">manifesto-opt-page-portfolio-gallery-prev-page-caption</custom-field>
		<custom-field action="copy">manifesto-opt-page-portfolio-gallery-prev-page</custom-field>
		<custom-field action="copy">manifesto-opt-page-portfolio-slider-rotate-caption</custom-field>
		<custom-field action="copy">manifesto-opt-blog-bknd-color-code</custom-field>
		<custom-field action="copy">manifesto-opt-blog-bknd-color</custom-field>
		<custom-field action="copy">manifesto-opt-blog-caption-alignment</custom-field>
		<custom-field action="copy">manifesto-opt-portfolio-bknd-color-code</custom-field>
		<custom-field action="copy">manifesto-opt-portfolio-bknd-color</custom-field>
		<custom-field action="translate">manifesto-opt-portfolio-project-year</custom-field>
		<custom-field action="copy">manifesto-opt-portfolio-hero-img</custom-field>
		<custom-field action="copy">manifesto-opt-portfolio-video</custom-field>
		<custom-field action="copy">manifesto-opt-portfolio-video-webm</custom-field>
		<custom-field action="copy">manifesto-opt-portfolio-video-mp4</custom-field>
		<custom-field action="translate">manifesto-opt-portfolio-hero-caption-title</custom-field>
		<custom-field action="copy">manifesto-opt-portfolio-hero-parallax-caption</custom-field>
		<custom-field action="translate">manifesto-opt-portfolio-hero-scroll-caption</custom-field>
		<custom-field action="copy">manifesto-opt-portfolio-thumb-gallery-offset</custom-field>
		<custom-field action="copy">manifesto-opt-portfolio-thumb-gallery-scale</custom-field>
		<custom-field action="copy">manifesto-opt-portfolio-gallery-enable-parallax</custom-field>
	</custom-fields>
    <admin-texts>
        <key name="theme_mods_manifesto">
			<key name="clapat_manifesto_enable_ajax" />
			<key name="clapat_manifesto_enable_smooth_scrolling" />
			<key name="clapat_manifesto_enable_magic_cursor" />
			<key name="clapat_manifesto_primary_color" />
			<key name="clapat_manifesto_enable_preloader" />
			<key name="clapat_manifesto_preloader_hover_line" />
			<key name="clapat_manifesto_preloader_text" />
			<key name="clapat_manifesto_uppercase_titles" />
			<key name="clapat_manifesto_default_page_bknd_type" />
			<key name="clapat_manifesto_enable_page_title_as_hero" />
			<key name="clapat_manifesto_logo" />
			<key name="clapat_manifesto_logo_light" />
			<key name="clapat_manifesto_enable_fullscreen_menu" />
			<key name="clapat_manifesto_header_menu_type" />			
			<key name="clapat_manifesto_menu_btn_caption" />
			<key name="clapat_manifesto_menu_background_color" />
			<key name="clapat_manifesto_menu_background_type" />			
			<key name="clapat_manifesto_enable_back_to_top" />
			<key name="clapat_manifesto_back_to_top_caption" />
			<key name="clapat_manifesto_footer_social_links_prefix" />
			<key name="clapat_manifesto_footer_copyright" />
			<key name="clapat_manifesto_footer_social_1" />
			<key name="clapat_manifesto_footer_social_url_1" />
			<key name="clapat_manifesto_footer_social_2" />
			<key name="clapat_manifesto_footer_social_url_2" />
			<key name="clapat_manifesto_footer_social_3" />
			<key name="clapat_manifesto_footer_social_url_3" />
			<key name="clapat_manifesto_footer_social_4" />
			<key name="clapat_manifesto_footer_social_url_4" />
			<key name="clapat_manifesto_footer_social_5" />
			<key name="clapat_manifesto_footer_social_url_5" />
			<key name="clapat_core_portfolio_custom_slug" />
			<key name="clapat_manifesto_portfolio_nav_autotrigger" />
			<key name="clapat_manifesto_portfolio_autoscroll_hero" />
			<key name="clapat_manifesto_view_project_caption" />
			<key name="clapat_manifesto_open_project_caption" />
			<key name="clapat_manifesto_portfolio_filter_all_caption" />
			<key name="clapat_manifesto_portfolio_selected_works_caption" />
			<key name="clapat_manifesto_portfolio_next_caption_first_line" />
			<key name="clapat_manifesto_portfolio_next_caption_second_line" />
			<key name="clapat_manifesto_showcase_scroll_drag_caption" />
			<key name="clapat_manifesto_portfolio_share_social_networks_caption" />
			<key name="clapat_manifesto_portfolio_share_social_networks" />
			<key name="clapat_manifesto_portfolio_navigation_order" />
			<key name="clapat_manifesto_showcase_grid_view_list_caption" />
			<key name="clapat_manifesto_showcase_grid_view_grid_caption" />
			<key name="clapat_manifesto_showcase_grid_shuffle_grid_caption" />
			<key name="clapat_manifesto_blog_navigation_type" />
			<key name="clapat_manifesto_blog_excerpt_type" />
			<key name="clapat_manifesto_blog_next_post_caption" />
			<key name="clapat_manifesto_blog_prev_post_caption" />
			<key name="clapat_manifesto_blog_no_posts_caption" />
			<key name="clapat_manifesto_blog_read_more_caption" />
			<key name="clapat_manifesto_blog_prev_posts_caption" />
			<key name="clapat_manifesto_blog_next_posts_caption" />
			<key name="clapat_manifesto_blog_default_title" />
			<key name="clapat_manifesto_blog_scroll_effect_type" />
			<key name="clapat_manifesto_map_address" />
			<key name="clapat_manifesto_map_marker" />
			<key name="clapat_manifesto_map_zoom" />
			<key name="clapat_manifesto_map_company_name" />
			<key name="clapat_manifesto_map_company_info" />
			<key name="clapat_manifesto_map_type" />
			<key name="clapat_manifesto_map_api_key" />
			<key name="clapat_manifesto_error_title" />
			<key name="clapat_manifesto_error_info" />
			<key name="clapat_manifesto_error_back_button" />
			<key name="clapat_manifesto_error_back_button_hover_caption" />
			<key name="clapat_manifesto_error_back_button_url" />
			<key name="clapat_manifesto_error_page_bknd_type" />
			<key name="clapat_manifesto_shop_enable_custom_grid" />
			<key name="clapat_manifesto_sticky_shop_product_caption" />
			<key name="clapat_manifesto_shop_product_page_bknd_type" />
			<key name="clapat_manifesto_shop_product_page_bknd_color" />
        </key>
    </admin-texts>
</wpml-config>
